,Unnamed: 0,agent_name,alpha,epochs,c_point,time,best_score
0,0.0,PPO-Agent,0.0003,50,1,1.990905285,0.0
1,1.0,PPO-Agent,0.0003,50,99,8319.278604,0.0
2,2.0,KAN-PPO,0.0003,50,99,31.93035579,0.0
3,3.0,KAN-PPO,0.0003,50,99,11861.6993,0.0
4,,PPO-Agent,0.0003,50,99,10108.875409126282,0.0
