,Unnamed: 0.2,Unnamed: 0.1,Unnamed: 0,agent_name,alpha,epochs,c_point,time,best_score
0,0.0,0.0,0.0,PPO-Agent,0.0003,50,1,1.990905284881592,0.0
1,1.0,1.0,,PPO-Agent,0.0003,50,99,8319.27860379219,0.0
2,2.0,,,KAN-PPO,0.0003,50,99,31.93035578727722,0.0
3,,,,KAN-PPO,0.0003,50,99,11861.699295282364,0.0
