,Unnamed: 0.3,Unnamed: 0.2,Unnamed: 0.1,Unnamed: 0,agent_name,alpha,epochs,c_point,time,best_score
0,0.0,0.0,0.0,0.0,PPO-Agent,0.0003,50,1,1.990905285,0.0
1,1.0,1.0,1.0,1.0,PPO-Agent,0.0003,50,99,8319.278604,0.0
2,2.0,2.0,2.0,2.0,KAN-PPO,0.0003,50,99,31.93035579,0.0
3,3.0,3.0,3.0,3.0,KAN-PPO,0.0003,50,99,11861.6993,0.0
4,4.0,4.0,4.0,,PPO-Agent,0.0003,50,99,10108.875409126282,0.0
5,5.0,5.0,,,PPO-Agent,0.0003,50,99,3955.824281692505,0.0
6,6.0,,,,PPO-Agent,0.0003,50,99,3462.310324907303,0.0
7,,,,,PPO-Agent,0.0003,50,199,18001.077293872833,0.0
